Azerbaijan	https://publicservices.ddla.gov.az/seamencheck	OPEN PUBLIC	YES	NO / not confirmed	NO / not confirmed	NO / not confirmed	Not observed	Contact email available	State Maritime and Port Agency official public service	State Maritime and Port Agency official public service. Search uses document type and date of birth.
Bahamas	https://public.bahamasmaritime.com/verifycertificate	OPEN PUBLIC	NO / not confirmed	NO / not confirmed	YES	YES	Not observed	Not confirmed as required	Bahamas Maritime Authority public Verify Certificate page	Bahamas Maritime Authority public Verify Certificate page.
Bangladesh	https://verification.dos.gov.bd/	OPEN PUBLIC	YES	YES	NO / not confirmed	NO / not confirmed	Not observed	YES — email/manual route published for direct confirmation	Department of Shipping Certificates Verification portal	Department of Shipping Certificates Verification portal.
Barbados	https://portal.barbadosmaritime.org/certificate_validators	OPEN PUBLIC	NO / not confirmed	NO / not confirmed	NO / not confirmed	NO / not confirmed	Not observed	Not confirmed as required	Barbados Maritime Ship Registry says third parties can use 'Validate a Document' or scan the barcode	Barbados Maritime Ship Registry says third parties can use 'Validate a Document' or scan the barcode.
Belgium	https://crew.apps.mobilit.fgov.be/	OPEN PUBLIC for electronic STCW validation	NO / not confirmed	NO / not confirmed	NO / not confirmed	NO / not confirmed	Not observed	Registered users required for full CrewCert access; third-party validation is open	Official CrewCert manual states third parties can validate electronic STCW certificates without being registered	Official CrewCert manual states third parties can validate electronic STCW certificates without being registered.
Bulgaria	https://online.marad.bg/seaman/?lang=en	OPEN PUBLIC	YES	YES	NO / not confirmed	YES	Not observed	YES — email/manual fallback for older/missing records	EAMA says certificates issued after 01-01-2017 can be verified fully automatically	EAMA says certificates issued after 01-01-2017 can be verified fully automatically.
Canada	https://wwwapps.tc.gc.ca/saf-sec-sur/4/cmdv-vdmc/eng/certificates/query	ONLINE VERIFICATION	YES	YES	NO / not confirmed	YES	Not confirmed	YES — support/contact route	Transport Canada official verification guidance	Transport Canada official verification guidance.
Cyprus	https://www.gov.cy/en/service/verification-of-seafarers-certificates/	OPEN PUBLIC	NO / not confirmed	NO / not confirmed	NO / not confirmed	NO / not confirmed	Not observed	Contact email published	Official gov	Official gov.cy service requires certificate number and seafarer identification number.
Denmark	https://verify.dma.dk/category?categoryid=STCW	OPEN PUBLIC	NO / not confirmed	NO / not confirmed	NO / not confirmed	NO / not confirmed	Not observed	Contact email available; not required for normal online verification	Danish Maritime Authority says all STCW certificates can be verified online or by QR	Danish Maritime Authority says all STCW certificates can be verified online or by QR.
Dominica	https://dominica-registry.com/mariner-certificate-verification/	OPEN PUBLIC	YES	YES	YES	YES	Not observed	YES — email/manual fallback if no result	Dominica Maritime Administration explicitly provides online fields and an email fallback	Dominica Maritime Administration explicitly provides online fields and an email fallback.
France	https://promete.din.developpement-durable.gouv.fr/promete/authentifierTitreOuVisa	OPEN PUBLIC	NO / not confirmed	NO / not confirmed	NO / not confirmed	NO / not confirmed	Not observed	Not required for normal online lookup; authority contact available	French maritime authority says STCW documents are recorded in an online database accessible at any time	French maritime authority says STCW documents are recorded in an online database accessible at any time.
Greece	https://stcw.hcg.gr/	OPEN PUBLIC	NO / not confirmed	NO / not confirmed	NO / not confirmed	NO / not confirmed	Not confirmed	Not confirmed	Official Hellenic Coast Guard/Ministry STCW verification portal reported for certificate validation	Official Hellenic Coast Guard/Ministry STCW verification portal reported for certificate validation.
India	http://220.156.189.33/esamudraUI/jsp/examination/checker/PP_IndosChecker.jsp	OPEN PUBLIC	YES	YES	YES	YES	Not observed	Not required for normal online verification	DGMA describes an integrated real-time verification facility for all listed seafarer credentials	DGMA describes an integrated real-time verification facility for all listed seafarer credentials.
New Zealand	https://services.maritimenz.govt.nz/seacert-search/default.aspx	OPEN PUBLIC	NO / not confirmed	NO / not confirmed	NO / not confirmed	NO / not confirmed	Not observed	Contact email available	Maritime NZ verification tool returns seafarer name, certificate type and special conditions	Maritime NZ verification tool returns seafarer name, certificate type and special conditions.
Panama	https://www.amp.gob.pa/consultas-en-linea/gente-de-mar/	OPEN PUBLIC CONSULTATION	NO / not confirmed	NO / not confirmed	NO / not confirmed	NO / not confirmed	Not confirmed	Contact email available	AMP's Gente de Mar page explicitly lists 'Verificación de Certificados en línea'	AMP's Gente de Mar page explicitly lists 'Verificación de Certificados en línea'.
Philippines	https://stcw.marina.gov.ph/verification/	OPEN PUBLIC	YES	YES	NO / not confirmed	YES	Not observed	Contact emails published	MARINA STCW Administration Office provides public certificate-number verification	MARINA STCW Administration Office provides public certificate-number verification. Newer CoCs also have a separate MARINA portal.
Romania	https://rna-gov.ro/service/	OPEN PUBLIC SERVICE DIRECTORY	NO / not confirmed	NO / not confirmed	YES	NO / not confirmed	Not confirmed	Authority contact available	Romanian Naval Authority service page explicitly lists Verify Certificate and Check Seaman Book	Romanian Naval Authority service page explicitly lists Verify Certificate and Check Seaman Book.
Singapore	https://digitalport-service.mpa.gov.sg/mc/cert/status	OPEN PUBLIC / QR	YES	YES	NO / not confirmed	YES	YES on SDB verification page	Not confirmed as required	MPA's electronic verification service is public; SDB verification is a separate page	MPA's electronic verification service is public; SDB verification is a separate page.
Spain	https://sede.transportes.gob.es/MFOM.DGMM.CONSULTAVTC.WEB/ConsultaVTC.aspx?lang=en	OPEN PUBLIC	YES	YES	NO / not confirmed	NO / not confirmed	Not observed	YES for DIM card verification	Spain also has a public Seaman's Book verification page: https://sede	Spain also has a public Seaman's Book verification page: https://sede.transportes.gob.es/MFOM.DGMM.LibretaMaritima.Web/Default.aspx?lang=en . DIM card verification is currently by email.
Sri Lanka	https://dgshipping.gov.lk/web/index.php?Itemid=101&catid=11&id=17&lang=en&option=com_content&view=article	OFFICIAL VERIFICATION SECTION; TARGET LINK NOT EXPOSED IN PAGE TEXT	NO / not confirmed	NO / not confirmed	YES	NO / not confirmed	Not confirmed	Not confirmed	Merchant Shipping Secretariat official page has a Certificate Verification section, but the target URL was not exposed in the current page extraction	Merchant Shipping Secretariat official page has a Certificate Verification section, but the target URL was not exposed in the current page extraction.
Sweden	https://www.transportstyrelsen.se/en/shipping/foreign-competencies/certificate-verification/	ONLINE VERIFICATION SERVICE	NO / not confirmed	NO / not confirmed	NO / not confirmed	YES	Not confirmed	Not confirmed	Swedish Transport Agency provides a specific web service for certificate confirmation	Swedish Transport Agency provides a specific web service for certificate confirmation.
Thailand	https://verify.md.go.th/search_En.php	OPEN PUBLIC	YES	NO / not confirmed	YES	YES	Not observed	Contact email available	Thai Marine Department provides separate public Certificate Verification and Seaman Book Verification pages	Thai Marine Department provides separate public Certificate Verification and Seaman Book Verification pages.
Türkiye (Turkey)	https://gemiadami.uab.gov.tr/verification/TC-Numaranız/Cuzdan-Numaranız	OPEN ONLINE VERIFICATION	YES	NO / not confirmed	NO / not confirmed	NO / not confirmed	YES — verification code on generic document-verification service; seafarer verifier is URL-parameter based	Not confirmed	Official Turkish Maritime Directorate says certificates can be verified online; published verifier uses seafarer and wallet information	Official Turkish Maritime Directorate says certificates can be verified online; published verifier uses seafarer and wallet information.
Ukraine	https://vrf.marad.gov.ua/check-document?lang=en	OPEN PUBLIC QUICK SEARCH + RESTRICTED EXTENDED FORM	YES	YES	NO / not confirmed	YES	Not confirmed	YES — extended results sent by email	Official Shipping Administration describes Quick Search (document number + issue date) and Extended Verification (account)	Official Shipping Administration describes Quick Search (document number + issue date) and Extended Verification (account).
United Kingdom	https://coccec.mcga.gov.uk/	OPEN PUBLIC	YES	NO / not confirmed	NO / not confirmed	YES	Not observed	YES — EMAIL FALLBACK ONLY if online verification cannot be completed	MCA's GOV	MCA's GOV.UK guidance explicitly says to use the online document verification service first; email is the fallback. Individuals are not eligible for MCA email verification.
United States	https://www.uscg.mil/Homeport/	EMAIL VERIFICATION	NO / not confirmed	NO / not confirmed	NO / not confirmed	NO / not confirmed	Not applicable	YES — IASKNMC@uscg.mil / NMC web-based email-result tool	USCG/NMC currently directs credential authenticity verification by email / NMC verification tool; it is not classified here as an open public instant lookup	USCG/NMC currently directs credential authenticity verification by email / NMC verification tool; it is not classified here as an open public instant lookup.
Viet Nam	https://vinamarine.gov.vn/	OFFICIAL SITE; PUBLIC VERIFIER NOT CONFIRMED	NO / not confirmed	NO / not confirmed	NO / not confirmed	NO / not confirmed	Not confirmed	Not confirmed	No direct public certificate-verifier URL was confirmed in this research pass	No direct public certificate-verifier URL was confirmed in this research pass.
